Client Application Number,CV Uploaded,Go-Global Service Agreement,Offer Letter,Employment Contract,Client Service booking,Biometrics Booking,Medical Booked,Psychologist Booking,Debtform/Schedule,Elites Test Booking,Start Date,Final Status
HBZ540,Accepted,Accepted,Accepted,Signed,Pending,November,November,November,Submitted,November,2025/12/03,Pending Legal Action
HBZ551,Accepted,Accepted,Accepted,Signed,Pending,November,November,November,Submitted,November,2025/12/03,Pending Legal Action
HBZ552,Accepted,Accepted,Accepted,Signed,Pending,November,November,November,Submitted,November,2025/12/03,Pending Legal Action
HBZ553,Accepted,Accepted,Accepted,Signed,Pending,November,November,November,Submitted,November,2025/11/13,Pending Legal Action
HBZ554,Accepted,Accepted,Accepted,Signed,Pending,November,November,November,Submitted,November,2025/11/24,Pending Legal Action
HBZ701,Accepted,Accepted,Accepted,Signed,Pending,November,November,November,Submitted,November,2025/11/28,Pending Legal Action
ZAP895,Accepted,Accepted,Accepted,Signed,Pending,November,November,November,Submitted,November,2026/01/07,Pending Legal Action
ZAP896,Accepted,Accepted,Accepted,Signed,Pending,November,November,November,Submitted,November,2025/12/22,Pending Legal Action
ZAP902,Accepted,Accepted,Accepted,Signed,Pending,November,November,November,Submitted,November,2025/11/21,Pending Legal Action
PHR950,Accepted,Accepted,Accepted,Signed,Pending,November,November,November,Submitted,November,2025/12/28,Pending Legal Action
TYR890,Accepted,Accepted,Accepted,Signed,2025/10/27,November,November,November,Pending,November,2025/12/28,Booking Stage 
